TICKER,CUR_MKT_CAP
A,38212.9167756
AA,7940.098193400001
AAL,9208.3817701827
AAON,3059.2774875499995
AAP,9978.42530922
AAPL,2450548.61872
AAT,1637.8907918999998
AAWW,2810.29124232
AB,4080.6259698831
ABBV,250822.1687807
ABC,28980.899004360002
ABCB,3365.3498200800004
ABG,3476.8606923
ABM,2687.7370702
ABMD,11531.60783544
ABR,2734.347085735
ABT,180428.17012129002
ABTX,879.64403085
ABUS,319.39479078
AC,851.8318533
ACAD,2877.5718293000004
ACC,9124.97995344
ACCO,514.19335133
ACGL,17386.361554799998
ACHC,7620.65224501
ACIW,2458.8589255999996
ACLS,2010.1061823500002
ACM,10019.86633375
ACN,180780.55127427002
ACRE,695.994470955
ACRS,937.4048050000001
ACTG,158.20440363
ADBE,137686.20794659082
ADC,5758.3330837799995
ADI,76611.17104245
ADM,48724.01157748
ADNT,3102.30298792
ADP,97006.59508464
ADSK,41753.61565464
ADTN,1409.8206219300002
ADUS,1475.37091975
AEE,23605.050876499998
AEIS,3128.8143237500003
AEL,3366.6211072650003
AEO,2012.902336445
AEP,51306.61298208
AER,11007.860184674999
AERI,747.8605939649999
AES,17539.936651120002
AFG,11033.62797668
AFL,37719.094571819995
AFMD,331.43439384000004
AGCO,7867.8591811900005
AGEN,644.1956020499999
AGLE,29.60749484
AGM,1141.16842348865
AGNC,5872.790871464999
AGO,3323.23352695
AGR,19222.95676532
AGX,461.30237887500004
AGYS,1223.3415492899999
AHH,1113.094584
AHT,307.0453542
AIG,41085.28420629
AIMC,2345.971179245
AIN,2611.46708397
AIR,1390.01930184
AIT,4055.39300068
AIV,1334.3443533299999
AIZ,8232.546454559999
AJG,37864.686720000005
AJRD,3470.87877225
AJX,210.05511912
AKAM,13991.40772686
AKBA,67.10475871
AKR,1459.5744877500001
AKTS,207.36702662500002
AL,3879.00555306
ALB,34478.022676680004
ALBO,330.27465156
ALCO,248.5499562
ALE,3321.5884794000003
ALEX,1289.28434229
ALG,1504.98608129
ALGN,18653.7967417
ALGT,1670.8634918000002
ALK,5812.800408404999
ALKS,3744.9974700000002
ALL,35114.09983708
ALLE,7979.20791696
ALLY,10116.69328965
ALNY,25476.83741334
ALPN,241.07738447
ALRM,3288.7937907600003
ALRS,463.09918389000006
ALSN,3419.5726632100004
ALT,647.1333132
ALTO,311.19123309
ALV,6509.95485075
ALX,1175.4938664
AM,4815.67888428
AMAT,76705.0980223823
AMBA,2453.29454904
AMBC,664.10231363
AMC,6969.325723575001
AMCX,998.2926603400001
AMD,123188.827879
AME,27418.538279880002
AMED,3812.41700091
AMEH,2181.10650884
AMG,4716.38038804
AMGN,122670.34252199999
AMH,12297.4667186
AMKR,4451.1564943799995
AMN,4551.84195387
AMNB,365.55328144000003
AMOT,457.77717765
AMP,29815.826139299996
AMPH,1392.0308848
AMR,2362.74683296
AMRC,3693.1648762500004
AMRK,599.54578644
AMRN,473.76647895
AMRS,1177.31851328
AMRX,689.00271475
AMSC,152.25767544
AMSF,921.0028848
AMSWA,517.2435775
AMT,114175.87744884
AMTX,280.47791877
AMWD,820.78581726
AMZN,1256300.7350022697
AN,6153.15593726
ANAB,703.4387709199999
ANDE,1122.9430353476002
ANET,34736.65708528
ANF,778.152694965
ANGI,1572.7789312500001
ANGO,830.0630022000001
ANIK,333.535560765
ANIP,601.7473499800001
ANSS,20759.78179595
AON,58318.80725493
AOS,8051.378983830001
AOSL,912.3000638999999
APA,13247.332323640001
APAM,2539.25971431
APD,54702.282930659996
APEI,149.32304205
APH,43113.14409456
APLE,3615.133901535
APO,31469.062833829998
APOG,864.5593895400001
APPF,3558.55319505
APPN,3259.880145845
APPS,1622.01750276
APTV,25581.47252108
APYX,188.07730496000002
AQB,69.475166601
AR,11409.05904335
ARAY,203.36141249999997
ARCB,1795.5279240000002
ARCC,9489.6058098
ARCH,2360.54730078
ARCO,1593.1477329250001
ARCT,391.20397504000005
ARDX,203.34578112499997
ARE,24042.84797355
ARGO,822.62536713
ARI,1566.2393843
ARLP,3085.75601294
ARMK,9630.872780040001
AROC,1098.7095136199998
AROW,525.60163376
ARR,748.5636833300001
ARTNA,519.49740661
ARW,6195.197607059999
ARWR,3564.99307384
ASB,3153.40754376
ASGN,4722.314
ASH,5340.31002144
ASIX,968.7672839100001
ASND,5968.22912666
ASPN,493.78034871000006
ASTE,817.64921736
ASXC,122.99915239079998
ATEC,885.3934231800001
ATEN,973.859390765
ATEX,680.6719686299999
ATGE,1649.0461881599997
ATHM,4097.79252096
ATHX,21.2348539183
ATI,4010.0790000600005
ATKR,3266.4144573
ATLC,406.29404043999995
ATNI,666.7893243
ATNX,56.4531492618
ATO,16005.73379797
ATOM,262.74109152
ATR,6769.56657
ATRA,352.4432652
ATRC,2024.57907372
ATRI,1055.9124165800001
ATRO,314.06293997
ATSG,1948.4137231999998
ATUS,3703.1686972650004
ATVI,59142.378355199995
AUB,2556.35288028
AUD,62.32635541129999
AUPH,1074.833271075
AVA,2946.08742439
AVAV,2239.27334061
AVB,27883.684156019997
AVD,607.5121536
AVGO,201638.07489872002
AVID,1044.5333418
AVNS,1064.5529412
AVNT,3403.76977649
AVNW,342.97738482
AVT,3603.9969025200003
AVY,14355.975706725
AWH,59.513110574399995
AWI,3898.67787364
AWK,26631.7182945
AWR,3146.50399536
AX,2404.8271552
AXDX,171.07451328000002
AXGN,468.08072505
AXL,1005.75644544
AXON,8247.157946210002
AXP,115333.70238187001
AXS,4568.91179073
AXTA,5401.2246833
AXTI,332.85002776
AY,3709.6293894899995
AYI,5236.87245129
AYX,4418.9475149400005
AZO,41120.7826499
AZTA,3704.8826515399996
AZZ,995.6346813099999
B,1556.4575465399998
BA,85796.806752965
BABA,228478.6240148256
BAC,276452.398655125
BAH,12551.293916699999
BALL,17642.15429112
BANC,1042.4501406000002
BANF,3258.2673525
BANR,2129.3842236999994
BAP,10238.9952
BAX,28957.616515
BBBY,621.27093273
BBCP,396.198831
BBSI,575.88452568
BBWI,8738.74320174
BBY,16256.695573469999
BC,5450.533252710001
BCC,2396.0538446600003
BCO,2497.2718518
BCOR,931.5278937600001
BCOV,278.29465648080003
BCPC,3985.5231794399997
BCRX,2461.9306063416
BDC,2822.5809453999996
BDN,1406.014568365
BDX,71633.8822566
BECN,3563.4096948200004
BEEM,145.5261171
BEN,12234.66707505
BERY,6546.482999999999
BF/A,34139.56561089
BF/B,34139.56561089
BFAM,3633.702548125
BFS,993.32004582
BG,13780.20180096
BGCP,2014.8303542500003
BGFV,256.7933322
BGNE,17428.84333489849
BGS,1327.9600150039998
BH,388.82364304
BHB,436.123634
BHE,908.34728427
BHF,3494.63312688
BHLB,1344.5414336000001
BHR,373.0154841
BHVN,10821.47487328
BIDU,42872.45214791
BIG,577.3907055
BIIB,30258.392108252
BIO,13445.901599765
BJRI,652.0250086
BK,35467.65045747
BKD,984.35781428
BKE,1685.68837115
BKH,4977.958414909999
BKI,10423.5049324
BKNG,74841.473023992
BKR,24317.665690010002
BKU,2980.14899561
BL,3849.7376556
BLBD,318.00736623
BLD,5592.4646088
BLDR,8890.04458816
BLFS,940.08011934
BLK,95480.62902663751
BLKB,2413.9228688000003
BLMN,1825.23227432
BLNK,1106.15964663
BLUE,449.23419957500005
BMI,2753.1935645099998
BMRC,500.16325302
BMRN,16227.10862383
BMY,149361.0983021
BNED,128.514288445
BNFT,228.70016736000002
BOH,3229.08892404
BOKF,6294.43144415
BOOM,364.78503875999996
BOOT,1912.3825377599999
BOX,3701.7531098100003
BPMC,4122.4419171
BPOP,5937.85659036
BR,19185.97858128
BRC,2171.22420831
BRK/A,608687.1282115
BRK/B,608687.1282115
BRKL,985.38923295
BRKR,7737.258551609999
BRO,17339.86757391
BRT,414.16739429999996
BRX,6357.47817444
BSET,166.9157505
BSIG,704.582704275
BSM,3287.6072709
BSRR,313.29358188000003
BSX,58782.083691780004
BTU,3015.4245
BURL,9059.177204070002
BUSE,1307.279118525
BW,698.9427311999999
BWA,8833.804244899999
BWXT,4797.943032200001
BX,111462.87935989001
BXC,617.080656
BXMT,4923.28768659
BXP,12924.341712799998
BY,814.20497964
BYD,5610.28738766
BYRN,136.31037026
BYSI,50.21830938
BZH,380.93175329999997
C,92865.22642285
CABO,6014.508072580001
CAC,662.23032384
CACC,6332.6004351244
CACI,6483.7849182
CADE,4904.57280768
CAG,16370.188283540001
CAH,18412.297873659998
CAKE,1693.24787274
CAL,922.7260749
CALM,2798.65790379
CALX,3673.69345596
CAMP,186.75331189
CAMT,1095.07856942
CAR,7284.934945080001
CARA,535.64747225
CARE,419.04598285
CARS,767.8841019
CASH,963.9957936
CASS,490.03913712
CASY,7997.54909695
CAT,95477.64760298
CATC,572.78341875
CATO,201.85077491999996
CATY,3160.4906728
CB,79339.33751788
CBOE,12695.12053497
CBRE,24527.86554575
CBRL,2462.5357918199998
CBSH,8440.945976519999
CBT,3998.37209582
CBU,3503.3274432000003
CBZ,2300.15110311
CC,4939.60500032
CCBG,557.4515336
CCEP,21619.8347292
CCF,808.1441565
CCI,70113.38723424
CCK,11406.60273078
CCL,13042.093600634746
CCNE,519.4028139000001
CCO,811.837664715
CCOI,2559.1670936
CCRN,1103.73872806
CCS,1499.5723794
CCXI,3708.8991868499998
CDE,895.7705008775999
CDMO,1061.19843978
CDNA,913.5993733399999
CDNS,45262.494900000005
CDW,22831.76276388
CDXC,95.67992
CDXS,445.3598528
CDZI,153.90450801
CE,11229.25439692
CECE,326.3625076800001
CELH,7896.9124656
CENT,1949.46952284
CENTA,1949.46952284
CENX,679.7044128
CEQP,3084.18087551
CERS,664.0888649999999
CEVA,646.9998093500001
CF,20386.34533585
CFFN,1258.7557834599997
CFG,18418.108781159997
CFR,8965.73274399
CG,11215.52545472
CGNX,7217.64854325
CHCO,1304.4331801800001
CHCT,877.72098232
CHD,18436.820879400002
CHDN,7565.9576922
CHE,7112.19308282
CHEF,1310.4345235
CHGG,2688.49990233
CHH,6378.159411855
CHKP,14556.492260609999
CHRS,772.5824146599999
CHRW,13031.28422181
CHS,632.97168814
CHTR,68209.74153969999
CHUY,441.7439580800001
CI,87818.54525964
CIA,176.03402895
CIEN,6098.9983177
CIM,1808.8185530800001
CINF,15689.10609315
CIO,478.5037337
CIR,340.548278475
CIVB,325.3422293
CIVI,5288.13777897
CIX,250.81985966
CL,63142.89702040001
CLAR,518.3856326499999
CLB,755.5576021699999
CLDT,616.4261581500001
CLDX,1371.83305483
CLF,7710.320444805
CLFD,1253.0801779
CLH,6296.533441879999
CLMT,1340.8028295200002
CLNE,1394.4424727
CLPR,337.34976703999996
CLPT,269.12592245
CLR,25377.400748919998
CLVS,172.65385692499999
CLW,678.783671505
CLX,17471.91041486
CMA,10346.535609300001
CMC,4600.32373926
CMCO,831.62216445
CMCSA,150712.08982455274
CME,67886.75947845
CMG,46978.06037047
CMI,30125.829655409998
CMPR,739.11776568
CMRE,1219.3893363299999
CMRX,177.436277325
CMS,19344.438362700002
CMTL,310.5913999
CNA,10635.713737600001
CNC,48355.73931779999
CNDT,805.995486585
CNHI,16563.8183842532
CNK,1610.6730763199998
CNMD,2689.2568584699998
CNNE,1714.20392604
CNO,2207.8751468
CNOB,994.224521205
CNP,20251.98766305
CNS,3568.3337130750006
CNSL,631.2143039599999
CNTY,224.57763343999997
CNX,3157.21881321
CNXN,1191.9019547300002
CODI,1387.17113132
COF,39034.262225700004
COHR,5340.33103454
COHU,1321.666717455
COKE,4011.938892
COLB,2405.1004256399997
COLL,587.99451215
COLM,4451.627365185
COMM,2437.93603689
CONN,211.66007324000003
COO,14198.566993975
COOP,3180.9150241050006
COP,143827.3095777
CORT,2700.11901638
COST,221671.94856807
COTY,6490.5080299149995
COUP,5022.02785938
COWN,1065.70006368
CPA,3157.9926809500002
CPB,14393.06337216
CPE,2457.89663406
CPF,623.22711112
CPK,2280.20331705
CPRI,6268.063862569999
CPRT,26239.0523904
CPRX,1293.4693603199999
CPS,130.0069528
CPSI,413.71187968
CPT,13543.97958264
CQP,26350.6482991323
CR,5122.89913032
CRAI,605.40285696
CRD/A,275.9590014
CRDF,70.9435958949
CRGY,2522.3191786
CRI,2763.86829075
CRIS,76.316349548
CRK,4453.4527988
CRL,10056.69306004
CRM,151470.0
CRMD,133.778332944
CRMT,438.4732803
CROX,4821.36906277
CRS,1823.00469714
CRSP,5351.045189699999
CRTO,1702.8362643
CRUS,4200.00252912
CRVL,2598.0386777400004
CSCO,176238.1875486308
CSGP,28860.884013780003
CSGS,1740.1729704000002
CSII,548.1106296
CSIQ,2567.98378443
CSL,15198.664492079997
CSR,1134.2490661049999
CSSE,171.01891662000003
CSTE,330.5967413
CSTM,1695.16968419
CSTR,438.05894656000004
CSV,496.9275465
CSVI,1620.1283038400002
CSWI,1928.421625
CSX,63359.32521424
CTAS,41326.89392267
CTBI,761.7034211499999
CTLT,15784.068985939999
CTMX,102.88237752
CTO,372.02594718
CTRA,22921.09704937
CTRE,1941.54512742
CTRN,162.47679868
CTS,1361.1268875100002
CTSH,32361.5579375
CTSO,80.61824365000001
CTT,510.98352327
CTXS,13138.315712145
CUBE,9616.724903335
CUBI,1072.4608360650002
CUTR,935.3132809199999
CUZ,4069.03913047
CVBF,3733.9778432900002
CVCO,1892.49276519
CVGI,188.40542388
CVGW,616.52985297
CVI,2864.11676551
CVLG,411.77115518
CVLT,2296.3372249999998
CVNA,5831.0786036208
CVS,133094.58445366
CVX,305203.23619887995
CW,5601.002205679999
CWEN,7411.782685820001
CWEN/A,7411.782685820001
CWH,2672.0729511209997
CWST,4212.27712191
CWT,3116.7730400000005
CXW,1137.9680046
CYBR,6217.383438299999
CYH,379.89085457999994
CYRX,1387.2932638300001
CYTK,4879.48854751
CZNC,373.7870183616
CZR,9893.19659652
D,67049.77527038
DAC,1266.2090054999999
DAKT,129.4452668216
DAL,21044.115668759998
DAN,2088.65647368
DAR,11963.726656599998
DBD,238.76733664
DBI,1056.9648917549998
DBRG,2707.0848406
DCI,6380.41201011
DCO,512.4875583
DCOM,1216.5913403200002
DCP,7929.055261899999
DD,27156.397213295
DDD,1154.29247748
DDS,5058.69464799
DE,108522.2661628
DEA,1611.0868742799998
DECK,8976.779414100001
DEI,3687.9511942599997
DENN,585.95816699
DFIN,1175.2781621
DFS,27688.64418432
DG,54793.628691390004
DGICA,464.74901445
DGII,1194.29200728
DGX,14537.306672980001
DHC,312.05616227999997
DHI,25140.28558445
DHIL,540.84525751
DHR,200745.82016579996
DHT,1489.0913185449997
DIN,1112.188329825
DINO,10846.51602166
DIOD,2988.3308133299997
DIS,196890.239916
DISH,8861.39489571
DJCO,367.66594200000003
DK,1848.33215712
DKL,2353.2358196600003
DKS,8889.29003576
DLB,7048.3420128
DLR,32498.714958000004
DLTH,236.64887851
DLTR,31794.570290699994
DLX,768.6419304
DMRC,323.72571161
DNOW,1220.47333047
DOC,3658.47582899
DOOR,1672.79417016
DORM,2691.1997061
DOV,17589.09719936
DOX,9903.2332
DPZ,11945.07490135
DQ,4193.2500204
DRE,20343.400106155997
DRH,1897.2525199249997
DRI,16079.691906697502
DRIO,85.25256859
DRQ,758.6321716299999
DRRX,135.56514410879998
DSKE,357.85176819000003
DTE,25196.130193500005
DUK,81335.09999999999
DVA,8410.556
DVAX,1333.03159644
DVN,43465.623999999996
DX,660.18920103
DXC,6275.6374590000005
DXCM,34138.91124096
DXPE,498.49571755
DY,3155.82279153
DZSI,316.45512696500003
EA,33810.311519999996
EAT,1240.8151079499999
EBAY,22661.42319375
EBF,541.9686805344
EBIX,668.651807605
EBS,1105.5393498498
EBTC,361.15554288
ECL,44939.94820952
ECOM,657.5970599
ECPG,1184.71542497
ED,34550.47845984
EDIT,985.6715438250001
EDU,4104.11270633
EEFT,4269.93277176
EEX,258.49297606
EFC,858.8951841749999
EFSC,1767.55866153
EFX,22132.40759958
EGAN,243.34436472
EGBN,1511.8294148
EGHT,497.85339295000006
EGLE,584.2688270815
EGP,6756.65342144
EGRX,378.809199885
EHC,5077.68338714
EHTH,139.55671552
EIG,1025.01359534
EIGR,307.8466212094
EIX,25822.945384500003
EL,85028.71366400001
ELF,2071.8140664000002
ELS,12982.68054905
EME,5836.91361216
EMKR,73.97331285
EMN,9730.11785115
EMR,46603.309499999996
ENOV,2768.7254595
ENPH,42178.6862895
ENR,1997.9829376399998
ENS,2561.06291554
ENSG,4688.03087537
ENTA,1083.2888503600002
ENTG,13813.45276971
ENV,2738.8691856
ENVA,1076.1979521399999
EOG,70624.22534622
EPAC,1023.8800036499999
EPAM,23046.218457360003
EPC,1970.95091842
EPD,56322.7002261
EPR,3152.86599168
EPZM,247.49618544
EQBK,484.83406277999995
EQC,3006.86698926
EQIX,56310.420757725
EQR,27189.589015400004
EQT,17306.5786362
ERIE,11566.5188016
ERII,1386.5883207900001
ES,30639.44686704
ESCA,140.66071245
ESE,2028.6511679
ESGR,3519.94063275
ESI,4472.3921512
ESNT,4219.58518986
ESPR,479.171376
ESRT,1204.6146497125
ESS,16675.7423413
ESTE,1938.705308955
ET,36340.7480911404
ETD,582.9878488200001
ETN,55315.904
ETR,23378.830165350002
ETSY,13794.03932815
EVA,4649.25416666
EVBG,1396.20623464
EVC,384.80480469
EVH,3466.9412464
EVI,172.18196875
EVR,3525.71863442
EVRG,15402.58188512
EVRI,1578.66179422
EVTC,2194.99825068
EW,54976.55127024001
EWBC,10367.301357839999
EXAS,6715.614656850001
EXC,42645.55229
EXEL,5459.876215560001
EXLS,5716.210894559999
EXP,4286.06980944
EXPD,15140.7618591
EXPE,16042.616855639997
EXPI,1810.9606264699999
EXPO,4618.3990853
EXR,24272.22608518
EXTR,1699.63231322
EYPT,269.1700245
EZPW,461.3797623744
F,59519.61645398999
FAF,5290.37452065
FANG,23352.110319749998
FARO,577.12591672
FAST,27688.02443946
FATE,2437.6173882199996
FBC,1984.94773636
FBHS,7792.641455839999
FBIO,107.734821
FBK,1907.7073151499999
FBMS,737.1827216
FBNC,1382.2040523249998
FBP,2779.374237155
FC,675.0299994000001
FCBC,542.10302532
FCEL,1608.05724742
FCF,1273.6871048
FCFS,3728.8710293999998
FCN,5345.16775074
FCNCA,13384.48131112
FCPT,2163.56862272
FCX,43049.62185768
FDBC,236.558448
FDP,1210.65257194
FDS,16873.21555134
FDX,42364.947602
FE,23561.484576975
FELE,3921.6028903700003
FF,277.02132819
FFBC,2111.89383762
FFIC,629.32648295
FFIN,6231.96046088
FFIV,8745.516798190001
FGEN,1109.8955712
FHB,3390.400485
FHI,3143.1346495063385
FHN,12663.984011200002
FIBK,5420.05731135
FICO,11377.01513242
FIS,50060.95430104
FISI,389.02588867000003
FISV,65461.458017799996
FITB,24140.148298639997
FIVE,7647.78118932
FIVN,5686.7545488000005
FIX,3603.20038586
FIZZ,3873.537209
FL,3631.3000623200005
FLEX,8227.767537
FLGT,1239.68528384
FLIC,417.53534508
FLL,234.15561884999997
FLNT,115.8433652
FLO,5534.099714
FLR,3716.8829611200003
FLS,3577.0798633500003
FLT,15157.196086580001
FLWS,393.356714665
FLXS,82.3631997
FMBH,715.71705597
FMC,13374.355182420002
FMCC,1843.45246353
FMNB,482.32722312000004
FN,3563.249265025
FNB,4284.23445009
FND,8380.66148304
FNF,11073.411349175
FNLC,310.9173268044
FNMA,3255.3207731549996
FOLD,2969.0762096850003
FOR,617.5151468
FORM,2069.084167825
FORR,718.5828
FOSL,225.189475115
FOXF,3556.4088136500004
FPI,773.72824575
FR,6557.34863445
FRBA,281.18756512
FRBK,204.33067901
FRC,26097.229869750005
FRG,1263.73127686
FRGI,183.26675924999998
FRHC,3290.3026351199996
FRME,2498.59554
FRO,2993.164742605
FRPH,530.6199875199999
FRPT,1926.20679956
FRST,318.11133429499995
FRT,8102.954627600001
FSBW,222.74726856
FSK,5743.88373468
FSLR,14603.988103814998
FSP,317.96661512
FSS,2397.7852731
FTI,4171.6514196
FTNT,39607.39807618
FTV,22547.63485848
FUL,3228.0443052
FULT,2799.041928075
FUN,2538.8388274
FUV,80.76419845080001
FWRD,2526.14810112
G,8319.15259024
GABC,1116.5711605299998
GATX,3491.17
GBCI,5754.26403655
GBDC,2305.3825883
GBL,466.16909039999996
GBT,4571.51112725
GBX,930.0525584399999
GCI,310.222969605
GCO,590.2006011599999
GCP,2333.1581212799997
GD,62277.2028687
GDDY,11761.956414569999
GDEN,1109.42966204
GDOT,1079.8410358400001
GDS,4034.0308050800004
GE,73030.4365932
GEF,3150.8565010250004
GEF/B,3150.8565010250004
GEL,1405.98363046
GEO,1010.09633626
GERN,980.4399806250001
GES,900.40392456
GEVO,603.4358302659999
GFF,1852.29536256
GGG,10670.346321295001
GHC,2716.5415199999998
GHL,124.73694528660002
GIC,1098.76248509
GIII,797.538001235
GILD,81343.54387060001
GIS,44993.99737287
GKOS,2695.1722541249997
GL,9947.39519172
GLDD,642.9906063
GLNG,2849.154
GLOB,8743.90169322
GLPI,12589.975696760002
GLRE,274.2659195
GLT,209.54658816
GLW,27109.35287808
GM,59648.78287178
GME,8609.05521267
GMED,5940.18727544
GMRE,684.01111464
GMS,1880.3184431400002
GNK,549.5779563267
GNL,1365.048373025
GNRC,12523.30695701
GNTX,6176.85451319
GNTY,419.7363435
GNW,1967.01046454
GOGO,1746.9446498999998
GOLF,3462.07542555
GOOD,713.3797755
GOOG,1336295.83
GOOGL,1336295.83
GPC,22153.03653998
GPI,2544.42405576
GPK,6675.250873919999
GPMT,453.88307463
GPN,34986.27135224
GPRE,1867.0861363200002
GPRO,869.7841972600002
GPS,3364.1963342500003
GRBK,1075.0002826
GRC,673.117042675
GRMN,16653.04073455
GRPN,306.528289875
GS,116013.61853424
GSAT,3241.6199
GSBC,742.15161936
GSBD,1710.18294084
GT,3648.1567005
GTHX,582.63896578
GTLS,7428.4542667999995
GTN,1684.7136784
GTY,1392.19212681
GVA,1267.43923625
GWRE,5212.54042344
GWRS,316.23256925
GWW,27196.503914925
H,9819.71751552
HA,779.26720383
HAE,3984.2163985200004
HAFC,751.7531705399999
HAIN,1616.76295746
HAL,25671.059288955
HALO,5581.442278699999
HAS,10562.600936339999
HASI,3288.0233552
HAYN,485.53814288000007
HBAN,20205.14275944
HBCP,327.19392427469995
HBI,2946.8174617050004
HBIO,120.32949078
HBNC,826.5759401199999
HCA,59419.87409600001
HCC,1477.80760774
HCCI,748.3242218400001
HCI,458.28653778000006
HCKT,595.16462902
HCSG,1030.09114
HD,284729.03559159
HE,4225.5069898
HEAR,127.58375395999998
HEES,1141.20133128
HEI,18439.520140524997
HEI/A,18439.520140524997
HELE,2668.76862408
HEP,2298.68285418
HES,37218.807850260004
HESM,7002.93383726
HFFG,234.69693304
HFWA,971.67675472
HGEN,19.902900096
HGV,4571.195615080001
HHC,3321.21514548
HI,2790.10548531
HIBB,739.7072521599999
HIFS,607.276924
HIG,21130.28009742
HII,9288.449928675
HIMX,952.5416850500001
HIW,3173.4270451800003
HL,2379.0000160832
HLF,2417.15763711
HLI,5562.03094668
HLIO,1693.9007301000001
HLIT,1238.6548062
HLNE,3817.1782508399992
HLT,36035.87742958
HLX,680.50491483
HMN,1502.1637425299998
HMST,651.91896144
HMTV,289.91993030000003
HNGR,729.84452723
HNI,1237.91655135
HOFT,170.24402894879998
HOG,6046.715734499999
HOLX,16498.327294305
HOMB,4903.10627799
HON,119499.54318946
HONE,705.67005203
HOPE,1754.509685775
HOV,272.09788899999995
HP,4442.18581723
HPE,16598.4415584
HPP,1791.267041205
HPQ,26853.537040155003
HQI,192.0223701
HQY,6013.51591878
HR,8802.10308852
HRB,7204.045534
HRI,3355.8903423499996
HRL,25043.1601434
HRTG,75.85476908
HRTX,477.2397672000001
HSC,405.49879787
HSIC,9698.175510000001
HSII,526.1958048199999
HSKA,910.0854474
HST,12803.72684211
HSTM,662.4473493
HSY,45453.025546460005
HT,388.42658703
HTBI,365.77510572000006
HTBK,704.9713862799999
HTGC,1738.08274564
HTH,1726.77114442
HTHT,11591.913644260001
HTLD,1144.5862245
HTLF,1916.99533173
HUBB,11977.654696979998
HUBG,2558.9606937999997
HUBS,13758.942235589999
HUM,62729.50425615
HUN,5145.9696477
HURN,1380.2793861
HVT,443.51241465000004
HWC,4376.65523262
HWKN,803.30320592
HWM,14227.553366499998
HXL,4830.84570448
HY,493.66366904150004
HZNP,14191.6773768
HZO,664.221196045
IART,3803.6286084999997
IBCP,424.06288556000004
IBIO,77.7978615184
IBKR,28918.54526688
IBM,114378.75990392
IBOC,2710.333333125
IBP,2441.0049715800005
IBRX,2119.6102412699997
IBTX,2845.5895296000003
ICAD,55.48131765
ICE,53779.52706749999
ICFI,2008.5096049200001
ICHR,784.5912984
ICLR,16261.29703222
ICPT,682.8019999999999
ICUI,3785.18396278
IDA,5533.796378
IDCC,1351.48060908
IDEX,231.2137025296
IDT,647.1027640799999
IDXX,27904.9768419
IEA,697.873621995
IEP,16770.8449332302
IESC,602.98677608
IEX,15626.4692592
IFF,26109.13097485
IGT,3655.3803003720222
IIIN,539.72570736
IIPR,2813.00802024
ILMN,30406.4046
IMAX,861.0639602
IMGN,1147.708068
IMKTA,1595.71752776
IMXI,871.133556
INBK,343.0973914831
INCY,15185.33945145
INDB,3668.30913888
INDT,627.8466656
INFI,110.9902517136
INFN,1055.3849219200001
INFU,148.48529045
INGN,579.43624844
INGR,5484.423586299999
INN,837.553751185
INO,457.64987529499996
INSG,256.24357584
INSM,2854.21155435
INSW,1779.1072055999998
INT,1604.567678315
INTC,119628.31000000001
INTU,117624.30050670002
INVA,864.005460965
INVE,293.37413278
INVH,22284.24027759
IONS,6553.43157546
IOSP,2199.18069054
IP,13076.048513639998
IPAR,2526.70754875
IPG,10671.16083334
IPGP,4436.374462
IPI,581.05329117
IQV,37503.0145644
IR,19342.6111616
IRBT,1577.6365970699999
IRDM,5633.82897021
IRM,16127.19969448
IRMD,377.04376879200004
IRT,4164.90713331
IRTC,4476.9608415
IRWD,1643.40386925
ISRG,71657.93178672
IT,23590.546315739997
ITCI,4506.267297575
ITGR,2063.88497043
ITI,134.11885725
ITIC,278.21347319999995
ITRI,2156.72474478
ITT,5877.0755
ITW,60226.066726134995
IVC,38.505751905
IVR,491.73209502000003
IVZ,7529.2591846000005
J,15219.52122397
JACK,1755.2153206950002
JAZZ,9254.81081805
JBGS,2497.725104985
JBHT,17583.870161339997
JBL,8077.617953678
JBLU,2621.601084675
JBSS,875.6974534499999
JBT,2875.1980031999997
JCI,37002.88915484
JD,88059.1381158825
JEF,7715.11165143
JELD,833.3201451799999
JHG,3962.5370876
JJSF,2674.24825434
JKHY,13886.52477256
JKS,2831.9782020000002
JLL,7806.984918425001
JNJ,434366.81045295007
JNPR,8716.90771728
JOE,2080.62151808
JOUT,554.7390339399999
JPM,343374.9011451
JRVR,892.8184419199999
JWN,3053.7422164500003
JYNT,239.74811046
K,24154.832006899996
KAI,2002.71526
KALA,21.41338095
KALU,1134.1722670000001
KAMN,860.74232174
KAR,1508.1115215599998
KBAL,257.367446
KBH,2515.166908311935
KBR,6772.81283051
KDNY,1281.19761063
KDP,52990.89827978
KE,470.3527227
KELYA,561.5780873199999
KEX,3993.533
KEY,16508.056866
KEYS,29386.955759000004
KFRC,1268.6569158599998
KFY,2617.2160067000004
KHC,42608.54000319
KIM,12836.59366094
KIRK,48.511238688
KKR,41916.880395
KLAC,47027.804272639994
KLIC,2361.0426436999996
KMB,41216.92891904
KMI,40294.91989820501
KMPH,214.20546714
KMPR,2973.58461295
KMT,1801.7138746199998
KMX,13499.663611479999
KN,1202.784148125
KNOP,529.89826452
KNSL,5661.5900091392
KNX,7852.501875
KO,258007.37652083996
KODK,405.46458603
KOP,452.31716673
KOPN,109.0875244
KOS,2874.079112775
KPTI,398.23501384
KR,33728.79375128
KRC,5689.2788196
KREF,1332.42171712
KRG,4187.267603609999
KRNT,1399.44690504
KRNY,778.61923156
KRO,1348.68991536
KSS,3348.6775542
KTOS,1503.76657206
KVHI,184.07431935
KW,2418.2279784
KWR,2824.1831684
L,13153.31545437
LAB,104.21761265
LAD,6565.7206848
LADR,1409.0860550799998
LAMR,9369.613072560001
LANC,4588.96
LAND,701.3052664999999
LAUR,1890.3350054400003
LAZ,4158.81343608
LBAI,1093.8499445599998
LBRDA,13875.523639549998
LBRDK,13875.523639549998
LBTYA,9104.128679675
LC,1300.86893225
LCII,2848.38237715
LCTX,206.98286529909998
LCUT,191.45699944
LDOS,12564.46941674
LE,269.22139719
LEA,8157.550037520001
LECO,7916.994174529999
LEG,4867.105923
LEN,22008.181891105596
LEN/B,22008.181891105596
LEU,641.6993853600001
LFUS,5276.0139683
LGF/A,2274.6791730200002
LGF/B,2274.6791730200002
LGIH,2001.6769280700003
LGND,1431.6572847999998
LH,20061.568
LHCG,5057.697986
LHX,43816.04588986
LII,8575.10645992
LIN,140245.04149248
LIND,543.64453212
LITE,5022.715499999999
LIVN,2861.4839715199996
LKFN,1975.6550196600003
LKQ,13686.57210264
LL,213.86901906
LLY,287399.37689799
LMAT,1088.91904502
LMNR,230.55737851
LMT,109823.39675923
LNC,8247.45323685
LNDC,280.56585192
LNG,42417.3042434976
LNN,1678.3144469200001
LNT,15336.611299839999
LNTH,5205.1356079199995
LOB,1550.02137642
LOCO,341.16316986000004
LOPE,2616.4907706999998
LOW,120217.28581656
LPI,1142.5504732
LPLA,18118.51079738
LPSN,794.3808076800001
LPX,3951.41563356
LQDT,576.4686731999999
LRCX,55764.3054284
LRN,1690.3054937600002
LSCC,7077.30715044
LSI,9734.620722399999
LSTR,5299.09169595
LTC,1703.63150946
LTRPA,184.48108537500002
LULU,42541.22328496
LUMN,9038.51309295
LUNA,152.56864172550002
LUV,21081.73122033
LVS,29672.180625229998
LW,11165.787351559999
LXFR,426.89967687
LXP,2737.3729924199997
LXRX,458.52532893000006
LYB,25143.95871124
LYV,19939.706913215
LZB,1084.5120888000001
M,4512.0030804
MA,301335.38739467994
MAA,19004.69491216
MAC,1915.8018754
MAIN,2983.7000172864005
MAN,3665.92374655
MANH,8541.66506441
MANT,3932.1942541599997
MANU,2298.3389583
MAR,51035.7010455
MARA,1230.01356465
MAS,11084.29143645
MASI,7835.93649748
MAT,7586.1074233750005
MATV,1361.30435113
MATW,744.785986245
MATX,2647.9889760600004
MAXR,1580.575233
MBI,618.72201951
MBUU,1091.97044662
MBWM,506.92018072
MC,3034.417089067221
MCBC,330.20033708
MCD,188019.90577676
MCFT,391.34496015999997
MCHP,36563.40382656
MCK,49694.804816250005
MCO,50670.7725
MCRB,804.604034175
MCRI,1128.1844210999998
MCS,487.559791325
MCY,1798.45420496
MD,1508.2412951999997
MDC,2092.70260678
MDLZ,82220.26111887001
MDRX,1841.9263099999998
MDT,117590.19147783001
MDU,5998.23677778
MDVL,72.027645495437
MDXG,370.36405881999997
MED,1273.55894541
MEDP,4763.25040776
MEI,1405.9080195999998
MEIP,64.2184108435
MELI,46178.319954000006
MET,52459.09376063
META,392489.5788508799
MFA,1111.58255208
MG,145.15980267
MGEE,2739.711596841
MGI,1001.5788320999999
MGM,13412.64525564
MGNI,944.5142303800001
MGNX,208.65259205
MGPI,2387.8175752199995
MGRC,2075.30280059
MHK,6371.799988080001
MHLD,187.39722285000002
MHO,1101.6787363550002
MIDD,7292.078685060001
MITK,422.65242376
MKC,21024.4440464
MKL,16176.390360000001
MKSI,5926.352099520001
MKTX,8995.20911184
MLAB,802.5887338
MLCO,2715.91088244
MLI,3467.90986724
MLKN,1790.7258937699999
MLM,20709.773833499996
MLR,257.56111295999995
MMAT,293.88397400635
MMC,77756.93209284
MMI,1466.2898734799999
MMM,63887.1008368
MMP,10449.63293812
MMS,3574.3007374
MMSI,3191.84039476
MMYT,3438.141998368
MNDT,5397.4482969
MNKD,891.6770674349999
MNRO,1450.8067332
MNST,46344.848140199996
MO,76462.96084218
MOD,788.4939306800001
MODN,1144.5507702
MODV,1467.4473794399998
MOFG,467.3667064
MOG/A,2411.6874310312996
MOH,19862.3565
MOMO,972.93413952
MORN,9431.802018809998
MOS,18951.71600421
MOV,674.43903531
MPAA,275.14045926
MPC,47902.812963849996
MPLX,32734.706466000003
MPW,8083.504999999999
MPWR,19547.50842
MPX,309.85735710000006
MRC,785.02771914
MRCY,2656.08568975
MRK,218153.39385217498
MRNS,249.6062965
MRO,17590.06771192
MRSN,686.01559688
MRTN,1611.0601305250002
MRTX,4252.20427458
MRUS,915.72821332
MRVL,39053.343
MS,151338.23896205
MSA,4606.662155059999
MSBI,557.86447872
MSCI,35681.3180962
MSEX,1520.42961396
MSFT,1800782.57141312
MSGS,3632.4996687
MSI,39758.712656480006
MSM,4291.21798035
MSTR,2243.81237674
MTB,32720.401597919998
MTD,26850.385729999998
MTDR,6644.732702910001
MTEM,40.404130898999995
MTG,4342.22581329
MTH,2732.832876625
MTN,9073.75948528
MTRN,1629.89249444
MTRX,124.84379524
MTSI,3833.04826004
MTW,319.76999252999997
MTX,1878.43215759
MTZ,6117.304511400001
MU,57573.2535010308
MUR,6075.09690904
MUSA,6546.5980713
MVIS,665.4247830599999
MWA,1683.2427923149996
MXL,2693.8900967
MYE,653.5151795200001
MYOV,1788.10200216
MYRG,1485.7774616
NAT,699.4645813344
NATH,267.6650358312
NATI,5268.83681808
NATR,165.14274141
NAVI,2022.480911265
NBHC,1306.8894161700002
NBIX,10298.44208528
NBN,299.49991686
NBR,1154.0353267
NBTB,1701.34731065
NCLH,6356.65632336
NCMI,76.59888734939999
NCR,3078.40185
NDAQ,29591.46761328
NDLS,218.9091312
NDSN,12695.62554936
NEE,168263.68923212
NEGG,944.15552
NEM,34493.3538781
NEO,1196.94802656
NEOG,3409.0985889
NEP,6882.759797940001
NESR,623.99723505
NEU,2994.40110725
NEWR,3989.75394519
NEX,2067.21782735
NFBK,728.55453195
NFG,6427.09399386
NFLX,105008.33120283
NGVC,286.56200685
NGVT,2518.45225627
NH,51.997609800000006
NHC,1085.313541375
NHI,2790.9472499999997
NI,11770.607206005
NJR,4299.4839290400005
NKE,165733.61692230002
NKTR,663.787702424
NL,402.81279224779996
NLOK,14063.125201904999
NLSN,10010.59136662
NLY,10653.255711875
NMFC,1276.08347776
NMIH,1791.8838414800002
NNBR,104.00604696
NNI,3034.19512417
NNN,7823.02471657
NOAH,939.68674659
NOC,75219.86001730499
NODK,268.97397309999997
NOG,2433.72620232
NOMD,2920.43272444
NOTV,530.54937849
NOV,6750.298503375
NOVT,4432.178449499999
NOW,85140.98
NPK,462.9367072
NPO,1899.1809672
NR,275.88903732
NRC,958.9828089599999
NRG,10344.122776580001
NRIM,244.85493590000002
NS,1674.49946994
NSA,5749.66308484
NSC,55070.824949969996
NSIT,2973.2392502400003
NSP,4077.50985813
NSSC,1105.7079082
NSTG,657.4266588400001
NTAP,14580.8914914
NTB,1657.409094665
NTCT,2303.93373551
NTES,53850.88064645999
NTGR,636.3138763750001
NTLA,4750.7365
NTNX,5138.57533381
NTRA,4631.6530872
NTRS,19625.84283032
NUE,30624.968411565
NUS,1883.2270522800002
NUVA,2411.9860373399997
NVAX,2170.46916375
NVCR,8268.06358414
NVDA,329821.416
NVEC,241.5413
NVEE,2077.2964336
NVMI,2677.78330355
NVR,13550.7098134
NVRO,1615.10097196
NVTA,671.684649835
NWBI,1833.99310038
NWE,3016.9421865
NWL,6723.068
NWLI,654.520323802
NWN,1651.110762
NWPX,302.288112
NWS,9618.361023264999
NWSA,9618.361023264999
NX,663.74452375
NXGN,1125.0307039
NXPI,42273.10186158
NXRT,1318.68893793
NXST,7332.82732546
NYCB,4458.713606775
NYMT,1065.1802192399998
NYT,4964.22956858
O,39494.07824725
OC,7900.218793360001
OCFC,1197.97858136
OCN,242.54923689
OCSL,1205.68569375
OCUL,457.94529286110003
OCX,101.143790716571
ODC,183.4167825
ODFL,28702.413104460004
ODP,1830.07299813
OEC,966.22666224
OFC,2871.2913374
OFG,1321.51796217
OFIX,430.178213685
OFLX,1040.754881166
OGE,8198.299418400002
OGS,4304.74506183
OHI,7332.34349088
OI,2123.1935775899997
OII,935.42136825
OIS,286.911
OKE,26977.07264399
OKTA,9220.08782745
OLED,4908.515686150001
OLLI,3585.4664887349995
OLN,6786.95719408
OLP,524.2594063
OMC,13722.416626379998
OMCL,4054.6363441999997
OMER,219.55505250000002
OMF,4297.44336625
OMI,1907.7145767
ON,30235.568216420004
ONB,5061.19104
ONCT,48.476049099
ONTO,3349.48203054
OOMA,306.18
OPCH,5699.53837578
OPI,844.57195725
OPK,1524.620168525
OPY,372.89989575
ORA,5370.76357202
ORC,414.71906183500005
ORCL,183897.44765999998
ORI,6784.25770584
ORLY,43580.714706039995
ORMP,296.44476343499997
ORRF,272.87035524
OSBC,617.64839136
OSIS,1352.97349717
OSK,5130.033327949999
OSPN,382.4894388
OSTK,1188.5450009400001
OSUR,281.76193340000003
OTRK,15.8691094701
OTTR,2896.67099442
OUT,2956.93531455
OVV,12572.465532479999
OXM,1403.11603408
OXY,60295.473729310004
OZK,4964.199022440001
PAA,8270.588360099999
PACB,1313.07026616
PACW,3034.3894479299997
PAG,7891.796145645
PAGP,2392.89483664
PAHC,569.88576456
PANW,51928.5563784
PAR,858.62186457
PARA,14782.16479758
PARR,1015.8172662399999
PATK,1085.3666120799999
PAYC,20881.4377103776
PAYX,43241.600612480004
PB,6548.184572340001
PBF,3424.25140668
PBH,2578.69964206
PBI,452.949415675
PBYI,107.0064014907
PCAR,29900.33462458
PCG,26426.0489849
PCH,3525.83903469
PCRX,2463.0512875
PCSB,289.21257402
PCTY,13843.1843938
PCYO,230.214192
PDCE,5980.6714068
PDCO,2526.641425
PDFS,931.921825
PDM,1498.6369022449999
PEAK,13635.222938260002
PEB,2311.584176155
PEBO,842.69532124
PEG,32874.883291900005
PEGA,2924.05720768
PEN,7250.88604325
PENN,4966.1785962
PEP,230998.60118872
PETQ,281.75734711999996
PETS,434.77651512
PFBC,1006.03234134
PFC,956.14141997
PFE,253089.00482685497
PFG,19131.4578346
PFGC,7594.479903439999
PFIS,355.0193766
PFS,1777.2916226999998
PFSI,2860.38700224
PG,329256.62953857
PGC,628.64671104
PGEN,529.741803445
PGR,73406.646
PGRE,1583.121930875
PGTI,1229.5066119
PH,33899.67523797
PHM,9364.106235000001
PI,2320.2552749200004
PII,6460.59333216
PINC,4087.46268006
PIPR,1921.98626335
PJT,2766.7708613119994
PK,3145.5486735
PKE,225.24489210000002
PKG,11425.491246165
PKI,16101.12629664
PKOH,182.7003834521
PLAB,937.06180372
PLAY,1761.5668510000003
PLCE,468.49903448
PLD,82489.16781125999
PLNT,5861.7595289500005
PLOW,677.4490728000001
PLPC,379.6834193
PLUG,15815.759274959999
PLUS,1165.48055712
PLXS,2515.43403398
PLYA,1030.215225455
PLYM,836.6596468500001
PM,146366.42142976
PMT,1343.16825626
PNC,67412.08253748
PNFP,6432.022004289999
PNM,4075.0106431500003
PNR,7093.97830412
PNW,8343.74973982
PODD,17457.78204708
POLY,1751.8351866399998
POOL,13188.034759299999
POR,4504.97891656
POST,5182.83614478
POWI,3948.33306615
POWL,270.75019914
POWW,400.0066371
PPBI,3130.3780250400005
PPC,6138.70048392
PPG,27764.939501800003
PPL,21345.677377155
PRA,1132.13400528
PRAA,1376.63193148
PRDO,718.2194618
PRFT,2257.8435315
PRG,958.912995
PRGO,5371.258239899999
PRGS,1874.52028674
PRI,4842.684278400001
PRIM,1037.6319330000001
PRK,2129.57208988
PRLB,1030.266126
PRMW,2186.800712
PRO,1050.1816754400002
PRPL,344.354942595
PRTA,1410.96934775
PRTK,135.23606743
PRTS,310.4446575
PRTY,225.41645647500002
PRU,34592.184
PSA,54579.4782204
PSEC,2904.9919668518
PSMT,1897.18735527
PSTG,8368.215484915001
PSX,38883.36017051
PTC,13373.54724915
PTCT,3756.973776975
PTEN,3022.4949162
PTGX,386.29161516000005
PTSI,684.7877123285
PUMP,909.36118455
PVBC,251.78019762000002
PVH,3574.1228012
PWR,20259.20185905
PXD,56364.78119141
PYPL,107482.86772955999
PZN,706.21158072
PZZA,2721.38354566
QCOM,140958.96
QCRH,915.6584198299998
QGEN,9852.31938
QLYS,5779.670719135
QMCO,155.02824511999998
QNST,606.4276424
QRTEA,1031.0448913100001
QRVO,8951.9166948
QTNT,27.7753192905
QTWO,2110.83178671
QUOT,216.39227230000003
R,3730.0429276
RACE,35993.84529076
RAD,408.3006386
RAMP,1310.6199408
RARE,3197.8833928799995
RBB,403.42122051
RBBN,468.25055927
RBCAA,810.5954338
RC,1440.906880765
RCEL,147.76825008
RCII,1465.766621
RCKY,176.328476555
RCL,12837.129385010001
RCM,8442.920845050001
RDFN,784.670224775
RDN,3381.7405581
RDNT,1124.9953
RDUS,480.01461983999997
RDWR,1031.28410074
RE,11149.612106960001
REG,10095.35011716
REGN,76933.440813915
RES,1633.62964778
RETA,972.2683317599999
REV,350.65946546
REVG,708.32299596
REX,498.59578713
REXR,9834.64458952
RF,20668.846709
RGA,8658.67917096
RGEN,12299.901714345
RGLD,6112.365139200001
RGNX,1125.7084448399999
RGP,644.30393649
RGR,903.0457236999999
RGS,42.834993755999996
RH,6205.346575940001
RHI,8445.491496679999
RHP,4739.763486960001
RICK,642.7317044399999
RIG,2095.96227291
RIGL,218.63796503999995
RILY,1417.63485038
RIOT,998.3035419199999
RJF,23501.183487770002
RL,6451.88986368
RLGT,312.06973887
RLI,4950.190204439999
RLJ,1980.66073348
RM,303.80029026999995
RMAX,650.73236646
RMBS,2801.89826085
RMD,32645.44951395
RMR,803.5832651600001
RNG,4029.12136446
RNR,6602.13409856
RNST,1903.96056619
ROCC,1560.9337562500002
ROCK,1305.9104994299998
ROG,4589.80263274
ROIC,1981.45714238
ROK,27499.01527072
ROL,17667.93387216
ROLL,6791.05179656
ROP,40165.993257379996
ROST,31013.53207608
RPD,2910.3628572
RPM,11588.174340765001
RPT,776.78462736
RRC,7831.37730627
RRGB,117.852578905
RRR,4073.8474584999994
RRX,9507.61619758
RS,10831.237692839999
RSG,45728.187144660005
RTX,124588.25520147999
RUN,7758.77178232
RUSHA,2561.76934715
RUSHB,2561.76934715
RUTH,577.1431918
RVNC,2132.99833533
RVP,64.22746005
RWT,844.21665447
RYAM,281.4731172
RYI,1052.00487847
RYN,4812.88611089
SABR,2133.211431
SAFE,2236.88196501
SAFT,1258.593428545
SAGE,2469.2954633649997
SAH,1857.6637206300002
SAIA,5026.41747816
SAIC,5117.5378098
SAM,4006.84392196
SANM,2711.8903296099998
SASR,1775.05613544
SATS,1396.46382366
SAVE,2479.164448775
SB,361.386700305
SBAC,33293.41421666
SBCF,1999.0326331499998
SBGI,1461.99298336
SBH,1505.1932470349998
SBLK,1937.248604445
SBNY,10799.185798110002
SBRA,3245.1126516000004
SBSI,1234.06668928
SBUX,104734.672
SCCO,36439.713526315
SCHL,1438.81103674
SCHN,868.1488946699999
SCHW,139075.50852406002
SCI,9599.25101688
SCL,2172.0544729199996
SCOR,189.49268852000003
SCS,1045.86293105
SCSC,694.037456805
SCU,544.53942354
SCVL,616.06597514
SCWX,732.9459922161
SEAS,3685.1552214999997
SEB,4234.54500758
SEDG,17142.83997357
SEE,7159.6973118
SEIC,7268.98662045
SELB,268.01168530499996
SEM,3259.9671817500002
SENEA,411.6480203
SENS,693.5164144199999
SESN,132.364074822
SF,6260.3831466
SFBS,4598.8772286
SFL,1435.39236932
SFM,2956.0945877400004
SFNC,3064.223094
SFST,343.40094268
SGC,158.2851723
SGEN,25575.664683519997
SGH,868.35291084
SGMO,816.424453005
SGRY,2408.017309425
SHAK,2079.5012543800003
SHEN,928.6717709700001
SHLX,6215.941132285
SHO,2387.49728828
SHOO,2307.59794512
SHW,57292.41386565
SHYF,773.6336553199999
SIEN,35.078396188
SIG,2626.7358231999997
SIGA,859.49421019
SIGI,4973.273955835
SIMO,2333.020066
SIRI,23229.02499618
SITC,2714.05348564
SITE,5091.491467100001
SIVB,21609.35305375
SIX,1849.594734135
SJI,4160.12901821
SJM,14872.741428374999
SJW,1935.851136
SKT,1564.006612815
SKX,5684.25815
SKY,3072.58056105
SKYW,903.9691838393999
SLAB,4412.94766016
SLB,54637.81863832
SLCA,972.02220221
SLG,3061.6884633299996
SLGN,5114.550973575
SLM,3858.746549
SLP,1083.0072782400002
SM,5222.4983082
SMBC,488.40667092
SMBK,425.295677359
SMCI,2989.0159269
SMED,171.93414875
SMG,2951.181893985
SMMF,351.8637084
SMMT,237.6149576451
SMP,736.68221037
SMPL,3013.12802374
SMSI,148.73927385
SMTC,1997.2713427449999
SNA,11671.793498235
SNAP,18171.4433216337
SNBR,893.9348
SNDR,3821.87437795
SNDX,1308.35226645
SNEX,1726.2852528
SNPS,48021.8075832
SNV,5799.529407745001
SNX,8698.223060999999
SO,82212.63422318999
SOI,498.56882507
SON,5917.64253864
SP,750.66161025
SPB,1951.14179205
SPG,32480.63112074
SPGI,114030.32
SPLK,14684.4794885
SPNE,238.0019648
SPNS,1118.92098288
SPNT,814.1685450349999
SPR,2674.7043091200003
SPSC,4436.70743721
SPTN,1060.59277925
SPWH,340.8727108
SPWR,4630.869943
SPXC,2548.63211994
SQ,37441.88502911999
SR,3647.7230737299997
SRC,5752.25569015
SRCE,1201.72013398
SRCL,4523.28864589
SRDX,425.752
SRE,53809.9286672
SRG,641.01043864
SRI,500.3438938399999
SRNE,788.5411656575
SRPT,9935.44905522
SRT,137.54718197
SSB,6280.237994
SSD,3585.6006521950003
SSNC,13383.782900479999
SSP,1188.667569
SSTI,331.72023833
SSTK,1916.218641
SSYS,1032.6369025699998
ST,6267.51334935
STAA,3928.5754452
STAG,5626.842585719999
STAR,1086.85040662
STBA,1213.14355809
STC,1332.94520304
STE,19237.81581165
STGW,2166.3924958499997
STKS,231.64750009499997
STLD,13945.981373730001
STNG,2519.2283105599995
STON,408.51005855999995
STOR,9017.7077397
STRA,1541.30748608
STRL,727.51243593
STT,25781.145646669996
STWD,7186.302407759999
STX,12783.45044385
STXS,152.1903215826
STZ,45956.300664200004
SUI,18605.240862780003
SUM,3312.9498633199996
SUN,3963.8883456000003
SUPN,1866.182179985
SVC,1110.556109875
SWBI,509.9239429647
SWK,12684.074227050001
SWKS,15988.403342450001
SWN,8006.293330545001
SWX,5441.526915
SXC,523.69763404
SXI,995.04403265
SXT,3156.2077093199996
SYBT,2004.3497641600002
SYF,15599.357229500001
SYK,82844.66819987999
SYNA,4271.73532137
SYNH,5191.16306969
SYRS,110.15795
SYY,40048.511441589995
T,118541.01000000001
TA,896.92749825
TAL,3406.4475270000003
TALO,1661.55727485
TAP,11146.3242107
TARO,1160.8013284350002
TAST,98.5555532
TBI,667.4557775000001
TBK,1496.7531602800002
TBPH,794.07906516
TCBI,3156.68970456
TCBK,1584.6222110400001
TCMD,159.0434399
TCOM,16403.24187612
TCS,307.39718433999997
TCX,431.21862783999995
TDC,3202.22
TDG,31978.92256384
TDOC,4736.234205109499
TDS,1756.228518
TDW,1112.58232492
TDY,17243.37674542
TEAM,60679.09390895
TECH,11838.961355759999
TEL,39193.067138720005
TELL,2210.0546888000003
TEN,1582.329974775
TER,12848.258676
TEX,2246.553
TFC,62778.20089991
TFSL,3916.93506436
TFX,10401.013309305
TG,337.10619168
TGH,1389.8451204
TGI,658.79786856
TGNA,4837.042078959999
TGT,74811.0878802
TGTX,975.5152323199999
THC,6308.792024875001
THFF,567.8690056
THG,4877.615866239999
THO,4135.0961945399995
THR,558.02414918
THRM,1960.36665831
THRY,827.5446594000001
THS,2551.61884952
TIGO,2122.17078546
TILE,583.51099941
TIPT,396.66413525
TISI,52.949251775
TITN,650.74631922
TJX,75305.89505046
TK,380.49269688
TKR,4649.226243599999
TLYS,219.05550255
TMHC,2803.9718472500003
TMO,208972.39655156
TMP,1105.92274464
TMST,719.952085475
TMUS,174537.45922648002
TMX,5171.93278088
TNC,1142.430935325
TNDM,3491.7072964399995
TNET,4783.93728588
TNK,1011.972
TNL,3445.1873610000002
TOL,5011.4526
TOWN,2098.0953337500005
TPB,401.51991902000003
TPC,351.80018335
TPH,1657.7161061999998
TPIC,533.2045433
TPL,13898.800549509999
TPR,7977.099399629999
TPX,4709.5235134
TR,2415.5234312700004
TRC,424.13323770000005
TREE,392.21027392499997
TREX,5162.533886239999
TRGP,15657.38281243
TRHC,123.9048852
TRIP,3373.735414375
TRMB,14453.28691448
TRMK,1995.76862103
TRN,1898.4954785999998
TRNO,4364.348341360001
TRNS,557.5389220300001
TROW,25263.92117414
TROX,2012.2659641499997
TRS,1121.4612498
TRST,652.03516875
TRTN,3756.59355672
TRTX,699.7265642399999
TRU,12685.750000000002
TRUP,2578.01042898
TRV,38755.60546389
TRVN,33.024589907325
TSCO,21129.976751680002
TSE,863.47462974
TSLA,959311.8542767499
TSLX,1462.346254735
TSM,402024.61865184
TSN,25932.72640575
TT,36456.09272079
TTC,9369.90129888
TTD,30403.675962920002
TTEC,2284.45381707
TTEK,7005.012776699999
TTGT,1761.5895114000002
TTI,521.358310755
TTMI,1475.68509996
TTWO,20599.63658242
TUP,364.13811252
TVTX,1666.10326895
TWI,843.7554852359999
TWLO,13505.503781250001
TWNK,3282.7519361
TWO,1656.7618641599997
TWOU,557.11870304
TWTR,31715.626769640003
TX,5760.63027484
TXMD,68.37759145999999
TXN,151319.07671765002
TXRH,6044.881896239999
TXT,13468.21614429
TYL,14898.849683265002
UAL,12590.496658634998
UAVS,46.9776078
UBA,647.268143975
UBSI,5062.0120778499995
UCBI,3614.62151904
UCTT,1237.9940960000001
UDR,14225.1409795
UE,1809.16523346
UEIC,247.88988141
UFCS,763.2041871
UFI,194.76206662
UFPI,4617.684060745
UFPT,694.6453784550001
UGI,7734.55031972
UHAL,10412.421700579998
UHS,7175.82708327
UHT,647.6667571400001
UI,18543.14112213
UIHC,37.3056298758
UIS,566.01507895
ULH,856.5088263903001
ULTA,21504.8439646196
UMBF,4378.48130984
UMH,996.7175230895999
UMPQ,3909.08280083
UNF,3215.9453314
UNFI,2431.36753687
UNH,485800.3642656
UNIT,2046.2995725749997
UNM,8122.01669071
UNP,133426.09639404
UNVR,4013.06662344
UPLD,293.70895098
UPS,155109.36397248
URBN,1967.00355258
URG,278.28878499999996
URGN,186.69971846
URI,20595.2932122
USAC,1757.0564271
USB,68435.21232968
USFD,6671.14124537
USLM,594.5375919
USM,2292.275634
USNA,1133.08384306
USPH,996.3202306749998
UTHR,9895.698565589999
UTL,805.6213596800001
UTMD,318.30527892
UUUU,1025.21726064
UVE,365.5204595
UVSP,726.48726975
UVV,1211.17226283
V,410082.5470400583
VAC,5587.64450871
VALU,615.664335
VBTX,1625.23650996
VC,3645.7458029999993
VCEL,1199.73587882
VCYT,1299.9546651242
VECO,1004.33480049
VEEV,26661.818783799998
VEON,699.8258743404
VERI,240.66017226
VERU,950.5402771
VFC,15570.860040959999
VGR,1434.1840320300003
VHC,93.33773262
VHI,801.4380036706999
VIAV,3139.3234507499997
VICR,2667.17835968
VIPS,6219.414630430888
VIRT,3766.9409683199997
VIVO,1406.05972366
VLGEA,310.21016824
VLO,40941.39794064
VLY,6058.365697775
VMC,21467.49336104
VMI,5829.601954000001
VMW,47226.494700560004
VNDA,552.0398691199999
VNET,935.5086727333335
VNO,5114.6408235300005
VNOM,5080.415314620001
VOXX,173.0639316
VOYA,6176.708820479999
VPG,436.53356575
VRA,102.93493939
VRAY,653.44485816
VRE,1239.141508905
VREX,887.775
VRNS,3054.9544266
VRNT,2367.0324677999997
VRSK,28591.8254028
VRSN,18853.9574763
VRTS,1384.7148912100001
VRTV,1634.30744877
VRTX,72554.95205262
VSAT,2700.2472435000004
VSEC,504.86785266
VSH,2675.6497315799998
VST,10658.513894400001
VSTM,212.22255184
VSTO,1554.5773100000001
VTGN,36.320462182
VTOL,772.7143239
VTR,18942.38783857
VTRS,11186.059171500001
VUZI,474.8128861
VVI,751.8505562400001
VVV,4834.425922359999
VXRT,303.6151416
VZ,171327.36020742
W,4744.36659532
WAB,16029.5337353
WABC,1477.66252857
WAFD,2080.5778720999997
WAL,7883.88405597
WASH,863.1935596900001
WAT,17179.59867948
WB,4274.67302704
WBA,29289.65790239
WBS,8313.413080799999
WCC,6555.039220289999
WD,3181.3100697899995
WDAY,39116.8
WDC,11401.927073955001
WDFC,2541.1089232699997
WEC,31918.820191889998
WELL,33112.391830379995
WEN,4226.286427139999
WERN,2487.25580334
WES,10503.7131744
WETF,724.862582695
WEX,6507.733273559999
WEYS,217.08977251500002
WFC,167121.76136654
WGO,1841.731884
WHR,7961.446659360001
WINA,755.5725225799999
WING,4001.6450073600004
WIRE,2272.88226344
WIX,4726.9931142546
WK,3471.11617538
WLDN,239.21121533000002
WLFC,217.78569728
WLK,11621.43863614
WLY,2418.1447275
WM,70370.40547874999
WMB,38791.90643387
WMK,1999.8992370499998
WMS,11211.908301360001
WMT,360179.3742399
WNC,761.75604273
WNS,3980.05050465
WOLF,14850.8215567893
WOR,2576.98570129
WOW,1422.1164138899999
WPC,16239.072548880002
WRB,17762.6787408
WRE,1761.1580577499997
WRK,9027.5808105
WRLD,711.699900115
WSBC,2164.8849887
WSBF,395.99155666
WSC,9110.06109678
WSFS,3239.138877
WSM,9034.71989109
WSO,10573.177090419998
WST,19455.368104380002
WTBA,382.06388247999996
WTFC,5228.483094225
WTI,950.5451230399999
WTM,3997.37837946
WTRG,11864.537879565001
WTS,4347.9220486
WTTR,820.9267647199999
WTW,22782.66513516
WU,5390.917474475
WVE,274.785651315
WW,363.1808724
WWD,5420.16548073
WWE,5029.88644839
WWW,1495.986166
WY,23134.84375
WYNN,7506.154854
X,4819.26642374
XBIT,121.1483145
XEL,40242.152148099995
XENE,2322.4271699
XHR,1876.53720993
XNCR,1649.45982924
XOM,387840.2336127
XOMA,207.8370177792
XPEL,1756.3816704
XPER,1517.07957856
XPO,5464.96018842
XPRO,1487.05497432
XRAY,6803.96013848
XRX,2503.93289223
XXII,248.076375855
XYL,17178.5294751
Y,11348.599012679999
YELL,279.30335217000004
YELP,2406.17583648
YEXT,580.1488803999999
YORW,631.01737944
YUM,32750.8387574
YUMC,20876.138083499998
YY,1917.7131515375
Z,7889.76375834
ZBH,23489.2983986
ZBRA,14820.727415970001
ZD,3477.5382452599997
ZEN,9451.930749620002
ZEUS,292.76902400999995
ZG,7889.76375834
ZION,8730.3491775
ZLAB,4494.99039113
ZTO,21101.64500296
ZTS,72879.81226624001
ZUMZ,447.42898770000005
ZWS,4715.627114100001
ZYXI,356.60581953
